customer,total_sale
Frank,66827.3218631647
Eve,63481.280727154255
Bob,48772.92284450008
Alice,44954.747084636234
Diana,43705.53818220187
Charlie,42869.29121982397
